false	0.3501768754601734
simple	0.1750884377300867
approximatif	0.1750884377300867
intelligible	0.1750884377300867
loyal	0.1750884377300867
clair	0.1750884377300867
approprié	0.1750884377300867
tru	0.1750884377300867
exclure	0.1750884377300867
question	0.1750884377300867
risque	0.1750884377300867
mort	0.1750884377300867
d´invalidité	0.1750884377300867
délivrer	0.1750884377300867
action	0.1750884377300867
médical	0.1750884377300867
démarche	0.1750884377300867
prévention	0.1750884377300867
dépistage	0.1750884377300867
true	0.1750884377300867
faire	0.1750884377300867
lobjet	0.1750884377300867
dun	0.1750884377300867
formulaire	0.1750884377300867
signer	0.1750884377300867
patient	0.1750884377300867
false).1	0.1750884377300867

1
famille	1.6883527923972645
porter	1.6883527923972645
laffaire	1.6883527923972645
juridiction	1.0130116754383587
true	1.0130116754383587
lordre	0.6753411169589058
civil	0.3376705584794529
pénal	0.3376705584794529
tribunal	0.3376705584794529
administratif	0.3376705584794529
false	0.3376705584794529
conseil	0.3376705584794529
judiciaire	0.3376705584794529
false).1	0.3376705584794529

2
false	1.1818469546780852
douleur	0.7878979697853901
début	0.7878979697853901
anal	0.7878979697853901
progressif	0.39394898489269503
prurit	0.39394898489269503
tuméfaction	0.39394898489269503
true	0.39394898489269503
rectorragie	0.39394898489269503
abondant	0.39394898489269503
brutal	0.39394898489269503
true).1	0.39394898489269503

3
true	1.2606367516566241
ischémie	0.31515918791415604
mésentérique	0.31515918791415604
dorigine	0.31515918791415604
embolique	0.31515918791415604
volvulus	0.31515918791415604
sigmoïde	0.31515918791415604
occlusion	0.31515918791415604
bride	0.31515918791415604
cancer	0.31515918791415604
langle	0.31515918791415604
colique	0.31515918791415604
gauche	0.31515918791415604
appendicite	0.31515918791415604
false).1	0.31515918791415604

4
false	0.6303183758283121
true	0.6303183758283121
cholécystite	0.31515918791415604
aigu	0.31515918791415604
hémolyse	0.31515918791415604
contexte	0.31515918791415604
dinfection	0.31515918791415604
viral	0.31515918791415604
syndrome	0.31515918791415604
gilbert	0.31515918791415604
angiocholite	0.31515918791415604
pancréatite	0.31515918791415604
chronique	0.31515918791415604
calcifiant	0.31515918791415604
false).1	0.31515918791415604

5
true	0.41107720162716005
false	0.41107720162716005
rapport	0.20553860081358002
k	0.20553860081358002
urine	0.20553860081358002
lt;1	0.20553860081358002
protéinurie	0.20553860081358002
gt	0.20553860081358002
1g/24	0.20553860081358002
heure	0.20553860081358002
lascite	0.20553860081358002
lhypernatrémie	0.20553860081358002
habituel	0.20553860081358002
linsuffisance	0.20553860081358002
rénal	0.20553860081358002
corriger	0.20553860081358002
lexpansion	0.20553860081358002
volémique	0.20553860081358002
perfusion	0.20553860081358002
serum	0.20553860081358002
physiologique	0.20553860081358002
dalbumine	0.20553860081358002
false).1	0.20553860081358002

6
gt	0.6753411169589058
false	0.6753411169589058
lt	0.4502274113059372
score	0.4502274113059372
alat	0.2251137056529686
1	0.2251137056529686
000	0.2251137056529686
ui	0.2251137056529686
millilitre	0.2251137056529686
tp	0.2251137056529686
50	0.2251137056529686
true	0.2251137056529686
bilirubine	0.2251137056529686
100	0.2251137056529686
mcmol	0.2251137056529686
l	0.2251137056529686
meld	0.2251137056529686
25	0.2251137056529686
maddrey	0.2251137056529686
32	0.2251137056529686
false).1	0.2251137056529686

7
sagit	0.8342449091845308
dune	0.8342449091845308
fracture	0.8342449091845308
radiographie	0.5561632727896871
face	0.5561632727896871
true	0.5561632727896871
false	0.5561632727896871
existe	0.5561632727896871
cheville	0.27808163639484357
pied	0.27808163639484357
bimalléolair	0.27808163639484357
cunéiforme	0.27808163639484357
base	0.27808163639484357
5	0.27808163639484357
èm	0.27808163639484357
métatarsien	0.27808163639484357
false).1	0.27808163639484357

8
true	1.1818469546780852
bilatéral	0.7878979697853901
oligoarthrite	0.39394898489269503
parotidomégalie	0.39394898489269503
false	0.39394898489269503
érythème	0.39394898489269503
noueux	0.39394898489269503
adénopathie	0.39394898489269503
hilaire	0.39394898489269503
uvéite	0.39394898489269503
aigu	0.39394898489269503
false).1	0.39394898489269503

9
true	0.4297625289738492
false	0.4297625289738492
risque	0.4297625289738492
aigu	0.4297625289738492
faire	0.4297625289738492
contexte	0.2148812644869246
d´insulinorésistance	0.2148812644869246
retrouvé\xa0	0.2148812644869246
situation	0.2148812644869246
sagit	0.2148812644869246
dun	0.2148812644869246
syndrome	0.2148812644869246
dhyperchylomicronémie	0.2148812644869246
familial	0.2148812644869246
l´aspect	0.2148812644869246
sérum	0.2148812644869246
opalescent	0.2148812644869246
lactescent	0.2148812644869246
infarctus	0.2148812644869246
myocarde	0.2148812644869246
pancréatite	0.2148812644869246
true).1	0.2148812644869246

1	0
chirurgie	0.5627842641324214
bariatriqu	0.5627842641324214
indiquer	0.3376705584794529
false	0.2251137056529686
nest	0.2251137056529686
suivi	0.2251137056529686
patient	0.2251137056529686
true	0.2251137056529686
imc	0.1125568528264843
≥	0.1125568528264843
35	0.1125568528264843
kilogramme	0.1125568528264843
m²	0.1125568528264843
comorbidité	0.1125568528264843
associer	0.1125568528264843
quaprès	0.1125568528264843
médical	0.1125568528264843
pré-opératoir	0.1125568528264843
minimal	0.1125568528264843
2	0.1125568528264843
an	0.1125568528264843
contre-indiquer	0.1125568528264843
présenter	0.1125568528264843
trouble	0.1125568528264843
comportement	0.1125568528264843
alimentaire	0.1125568528264843
grave	0.1125568528264843
non	0.1125568528264843
stabiliser	0.1125568528264843
nécessite	0.1125568528264843
médico-chirurgical	0.1125568528264843
post-opératoire	0.1125568528264843
prolonger	0.1125568528264843
obèse	0.1125568528264843
morbide	0.1125568528264843
réussir	0.1125568528264843
perdre	0.1125568528264843
5	0.1125568528264843
poids	0.1125568528264843
initial	0.1125568528264843
préopératoire	0.1125568528264843
false).1	0.1125568528264843

1	1
false	0.9454775637424682
tour	0.31515918791415604
taille	0.31515918791415604
true	0.31515918791415604
antécédent	0.31515918791415604
dinfarctu	0.31515918791415604
myocarde	0.31515918791415604
précoce	0.31515918791415604
parent	0.31515918791415604
degré	0.31515918791415604
consommation	0.31515918791415604
dalcool	0.31515918791415604
sédentarité	0.31515918791415604
tabagisme	0.31515918791415604
false).1	0.31515918791415604

1	2
souffle	1.7727704320171278
innocent	1.4773086933476065
true	0.5909234773390426
false	0.5909234773390426
fréquent	0.2954617386695213
cardiaque	0.2954617386695213
lenfant	0.2954617386695213
systolique	0.2954617386695213
diastolique	0.2954617386695213
intense	0.2954617386695213
varier	0.2954617386695213
temps	0.2954617386695213
position	0.2954617386695213
irradiation	0.2954617386695213
dorsal	0.2954617386695213
false).1	0.2954617386695213

1	3
false	1.2892875869215474
hémogramme	0.4297625289738492
true	0.4297625289738492
dosage	0.4297625289738492
tshus	0.4297625289738492
prélèvement	0.4297625289738492
pharyngé	0.4297625289738492
hémoculture	0.4297625289738492
sérologie	0.4297625289738492
vih	0.4297625289738492
true).1	0.4297625289738492

1	4
patient	0.39394898489269503
true	0.39394898489269503
false	0.39394898489269503
attestation	0.19697449244634752
écrire	0.19697449244634752
constatation	0.19697449244634752
clinique	0.19697449244634752
létat	0.19697449244634752
santé	0.19697449244634752
dun	0.19697449244634752
être	0.19697449244634752
examiner	0.19697449244634752
remettre	0.19697449244634752
conjoint	0.19697449244634752
réquisition	0.19697449244634752
procureur	0.19697449244634752
république	0.19697449244634752
prévoir	0.19697449244634752
loi	0.19697449244634752
engager	0.19697449244634752
responsabilité	0.19697449244634752
pénal	0.19697449244634752
rédacteur	0.19697449244634752
false).1	0.19697449244634752

1	5
semaine	0.76957476118573
antécédent	0.6596355095877685
présence	0.549696257989807
12	0.549696257989807
dintervalle	0.549696257989807
danticorp	0.549696257989807
anti-cardiolipine	0.4397570063918457
true	0.4397570063918457
dun	0.32981775479388425
anticoagulant	0.32981775479388425
lupique	0.32981775479388425
patient	0.32981775479388425
dosage	0.32981775479388425
lupus	0.32981775479388425
faux	0.21987850319592284
couche	0.21987850319592284
respectivement	0.21987850319592284
grossesse	0.21987850319592284
type	0.21987850319592284
5	0.21987850319592284
anti	0.21987850319592284
b2gp1	0.21987850319592284
titre	0.21987850319592284
élevé	0.21987850319592284
faire	0.21987850319592284
2	0.10993925159796142
8	0.10993925159796142
10	0.10993925159796142
circulant	0.10993925159796142
dembolie	0.10993925159796142
pulmonaire	0.10993925159796142
auto-anticorp	0.10993925159796142
présent	0.10993925159796142
3	0.10993925159796142
consécutif	0.10993925159796142
6	0.10993925159796142
dune	0.10993925159796142
perte	0.10993925159796142
fœtal	0.10993925159796142
nullipare	0.10993925159796142
thrombose	0.10993925159796142
anticorps	0.10993925159796142
false).1	0.10993925159796142

1	6
présence	0.8863852160085639
false	0.8863852160085639
micronodule	0.5909234773390426
dun	0.5909234773390426
épanchement	0.5909234773390426
dadénopathie	0.2954617386695213
latérotrachéale	0.2954617386695213
répartition	0.2954617386695213
type	0.2954617386695213
centrolobulaire	0.2954617386695213
distribution	0.2954617386695213
péribronchovasculair	0.2954617386695213
true	0.2954617386695213
pleural	0.2954617386695213
péricardique	0.2954617386695213
false).1	0.2954617386695213

1	7
patient	0.7091081728068511
true	0.7091081728068511
an	0.4727387818712341
enfant	0.23636939093561704
6	0.23636939093561704
false	0.23636939093561704
suivre	0.23636939093561704
hématologie	0.23636939093561704
hémopathie	0.23636939093561704
chimiothérapie	0.23636939093561704
bpco	0.23636939093561704
stade	0.23636939093561704
4	0.23636939093561704
femme	0.23636939093561704
enceint	0.23636939093561704
32	0.23636939093561704
55	0.23636939093561704
infirmier	0.23636939093561704
lhôpital	0.23636939093561704
false).1	0.23636939093561704

1	8
tympan	0.8595250579476984
true	0.8595250579476984
normal	0.8595250579476984
false	0.8595250579476984
existe	0.8595250579476984
surdité	0.8595250579476984
bombé	0.4297625289738492
transmission	0.4297625289738492
perception	0.4297625289738492
tympanogramme	0.4297625289738492
false).1	0.4297625289738492

1	9
true	0.52526531319026
maladie	0.3501768754601734
taux	0.3501768754601734
dincapacité	0.3501768754601734
permanent	0.3501768754601734
10	0.3501768754601734
prise	0.1750884377300867
charge	0.1750884377300867
100	0.1750884377300867
traitement	0.1750884377300867
lier	0.1750884377300867
professionnel	0.1750884377300867
capital	0.1750884377300867
inférieur	0.1750884377300867
rente	0.1750884377300867
supérieur	0.1750884377300867
égal	0.1750884377300867
indemnité	0.1750884377300867
journalier	0.1750884377300867
sécurité	0.1750884377300867
social	0.1750884377300867
montant	0.1750884377300867
quen	0.1750884377300867
simple	0.1750884377300867
jour	0.1750884377300867
carence	0.1750884377300867
false).1	0.1750884377300867

2	0
lexposition	1.390408181974218
lamiante	1.390408181974218
true	0.8342449091845308
facteur	0.5561632727896871
risque	0.5561632727896871
cause	0.27808163639484357
exclusif	0.27808163639484357
lasbestose	0.27808163639484357
professionnel	0.27808163639484357
environnemental	0.27808163639484357
pneumopathie	0.27808163639484357
infectieux	0.27808163639484357
pneumocoque	0.27808163639484357
false	0.27808163639484357
cancer	0.27808163639484357
bronchique	0.27808163639484357
true).1	0.27808163639484357

2	1
consolidation	1.4773086933476065
certificat	1.1818469546780852
faire	0.8863852160085639
false	0.8863852160085639
soin	0.5909234773390426
besoin	0.2954617386695213
guérir	0.2954617386695213
mettre	0.2954617386695213
fin	0.2954617386695213
versement	0.2954617386695213
indemnité	0.2954617386695213
journalier	0.2954617386695213
true	0.2954617386695213
lésion	0.2954617386695213
stable	0.2954617386695213
true).1	0.2954617386695213

2	2
oui	0.6166158024407401
lemployeur	0.6166158024407401
false	0.6166158024407401
lentretien	0.41107720162716005
dembauche	0.41107720162716005
médecin	0.41107720162716005
travail	0.41107720162716005
non	0.41107720162716005
décelable	0.20553860081358002
informe	0.20553860081358002
diagnostic	0.20553860081358002
prononcer	0.20553860081358002
inaptitude	0.20553860081358002
poste	0.20553860081358002
proposer	0.20553860081358002
true	0.20553860081358002
nentraine	0.20553860081358002
signe	0.20553860081358002
visible	0.20553860081358002
jamais	0.20553860081358002
discrimination	0.20553860081358002
lembauche	0.20553860081358002
false).1	0.20553860081358002

2	3
false	0.41107720162716005
true	0.41107720162716005
lexistence	0.41107720162716005
composition	0.20553860081358002
substance	0.20553860081358002
manipuler	0.20553860081358002
patient	0.20553860081358002
rythmicité	0.20553860081358002
symptôme	0.20553860081358002
amélioration	0.20553860081358002
week	0.20553860081358002
end	0.20553860081358002
dune	0.20553860081358002
rhinite	0.20553860081358002
précéder	0.20553860081358002
lasthme	0.20553860081358002
confirmer	0.20553860081358002
antécédent	0.20553860081358002
datopie	0.20553860081358002
dautre	0.20553860081358002
cas	0.20553860081358002
salon	0.20553860081358002
false).1	0.20553860081358002

2	4
bilan	0.716270881623082
féminin	0.4297625289738492
dun	0.4297625289738492
hormonal	0.4297625289738492
base	0.4297625289738492
repose	0.2865083526492328
réalisation	0.2865083526492328
false	0.2865083526492328
versant	0.2865083526492328
true	0.2865083526492328
initial	0.1432541763246164
courbe	0.1432541763246164
ménothermique	0.1432541763246164
dune	0.1432541763246164
hystéroscopie	0.1432541763246164
compose	0.1432541763246164
dosage	0.1432541763246164
fsh	0.1432541763246164
lh	0.1432541763246164
estradiol	0.1432541763246164
plasmatique	0.1432541763246164
réaliser	0.1432541763246164
10èm	0.1432541763246164
jour	0.1432541763246164
cycle	0.1432541763246164
masculin	0.1432541763246164
spermogramme	0.1432541763246164
spermocytogramme	0.1432541763246164
test	0.1432541763246164
hϋhner	0.1432541763246164
dexplorer	0.1432541763246164
couple	0.1432541763246164
true).1	0.1432541763246164

2	5
false	1.0909356504720786
dosage	0.7272904336480525
scanner	0.36364521682402623
cérébral	0.36364521682402623
irm	0.36364521682402623
pelvien	0.36364521682402623
true	0.36364521682402623
tep	0.36364521682402623
fdg	0.36364521682402623
ca	0.36364521682402623
125	0.36364521682402623
scc	0.36364521682402623
false).1	0.36364521682402623

2	6
true	0.8342449091845308
augmentation	0.5561632727896871
oligo	0.27808163639484357
aménorrhée	0.27808163639484357
rapport	0.27808163639484357
fsh	0.27808163639484357
lh	0.27808163639484357
false	0.27808163639484357
testostéronémie	0.27808163639484357
ovaire	0.27808163639484357
polykystique	0.27808163639484357
léchographie	0.27808163639484357
déficit	0.27808163639484357
21	0.27808163639484357
béta	0.27808163639484357
hydroxylase	0.27808163639484357
false).1	0.27808163639484357

2	7
risque	0.5672865382454809
transmission	0.5672865382454809
false	0.5672865382454809
postnatal	0.3781910254969873
viral	0.3781910254969873
prévenir	0.3781910254969873
virus	0.18909551274849365
lhépatite	0.18909551274849365
b	0.18909551274849365
cours	0.18909551274849365
grossesse	0.18909551274849365
20	0.18909551274849365
prévention	0.18909551274849365
inutile	0.18909551274849365
né	0.18909551274849365
vaccination	0.18909551274849365
précoce	0.18909551274849365
sérovaccination	0.18909551274849365
néonatal	0.18909551274849365
true	0.18909551274849365
lallaitement	0.18909551274849365
maternel	0.18909551274849365
cas	0.18909551274849365
contre-indiquer	0.18909551274849365
false).1	0.18909551274849365

2	8
diplopie	2.148812644869246
false	0.8595250579476984
true	0.8595250579476984
horizontal	0.4297625289738492
vertical	0.4297625289738492
monoculaire	0.4297625289738492
saggraver	0.4297625289738492
lélévation	0.4297625289738492
regard	0.4297625289738492
transitoire	0.4297625289738492
false).1	0.4297625289738492

2	9
true	1.0130116754383587
décollement	0.3376705584794529
rétine	0.3376705584794529
exsudatif	0.3376705584794529
false	0.3376705584794529
hémorragie	0.3376705584794529
rétinien	0.3376705584794529
nodule	0.3376705584794529
cotonneux	0.3376705584794529
oedème	0.3376705584794529
papillaire	0.3376705584794529
rétrécissement	0.3376705584794529
artériel	0.3376705584794529
true).1	0.3376705584794529

3	0
true	1.1818469546780852
métamorphopsie	0.39394898489269503
false	0.39394898489269503
photophobie	0.39394898489269503
baisse	0.39394898489269503
dacuité	0.39394898489269503
visuel	0.39394898489269503
progressif	0.39394898489269503
diplopie	0.39394898489269503
monoculaire	0.39394898489269503
phosphène	0.39394898489269503
false).1	0.39394898489269503

3	1
false	0.7878979697853901
true	0.7878979697853901
manifestation	0.39394898489269503
unilatéral	0.39394898489269503
prurit	0.39394898489269503
associer	0.39394898489269503
papille	0.39394898489269503
conjonctival	0.39394898489269503
ulcère	0.39394898489269503
cornéen	0.39394898489269503
chemosi	0.39394898489269503
true).1	0.39394898489269503

3	2
true	0.8221544032543201
observer	0.41107720162716005
sentiment	0.20553860081358002
tristesse	0.20553860081358002
coexister	0.20553860081358002
affect	0.20553860081358002
positif	0.20553860081358002
l´estime	0.20553860081358002
général	0.20553860081358002
préserver	0.20553860081358002
l´existence	0.20553860081358002
d´idée	0.20553860081358002
mort	0.20553860081358002
n´est	0.20553860081358002
forcément	0.20553860081358002
pathologique	0.20553860081358002
hallucination	0.20553860081358002
critiquer	0.20553860081358002
quentendre	0.20553860081358002
défunt	0.20553860081358002
idée	0.20553860081358002
grandeur	0.20553860081358002
false).1	0.20553860081358002

3	3
trouble	2.3636939093561704
true	1.8909551274849363
dépressif	0.4727387818712341
caractériser	0.4727387818712341
ladaptation	0.4727387818712341
anxieux	0.4727387818712341
personnalité	0.4727387818712341
délirant	0.4727387818712341
chronique	0.4727387818712341
false).1	0.4727387818712341

3	4
false	0.7091081728068511
prescription	0.4727387818712341
d´un	0.4727387818712341
traitement	0.4727387818712341
anxiolytique	0.23636939093561704
antidépresseur	0.23636939093561704
hospitalisation	0.23636939093561704
complet	0.23636939093561704
surveiller	0.23636939093561704
l´observance	0.23636939093561704
demande	0.23636939093561704
dintervention	0.23636939093561704
pédopsychiatrie	0.23636939093561704
liaison	0.23636939093561704
true	0.23636939093561704
proposition	0.23636939093561704
consultation	0.23636939093561704
psychologue	0.23636939093561704
service	0.23636939093561704
true).1	0.23636939093561704

3	5
true	0.32602674611809246
trouble	0.32602674611809246
autistique	0.32602674611809246
parent	0.32602674611809246
false	0.32602674611809246
comorbidité	0.16301337305904623
psychiatrique	0.16301337305904623
fréquent	0.16301337305904623
trouver	0.16301337305904623
cause	0.16301337305904623
relation	0.16301337305904623
précoce	0.16301337305904623
lenfant	0.16301337305904623
denfants	0.16301337305904623
autisme	0.16301337305904623
présenter	0.16301337305904623
type	0.16301337305904623
personnalité	0.16301337305904623
facteur	0.16301337305904623
génétique	0.16301337305904623
jouer	0.16301337305904623
rôle	0.16301337305904623
important	0.16301337305904623
développement	0.16301337305904623
gène	0.16301337305904623
responsable	0.16301337305904623
lautisme	0.16301337305904623
identifier	0.16301337305904623
false).1	0.16301337305904623

3	6
aigu	0.6753411169589058
ischémie	0.5402728935671246
true	0.4052046701753435
dune	0.2701364467835623
membre	0.2701364467835623
inférieur	0.2701364467835623
devoir	0.2701364467835623
signe	0.13506822339178115
clinique	0.13506822339178115
douleur	0.13506822339178115
pâleur	0.13506822339178115
froideur	0.13506822339178115
abolition	0.13506822339178115
pouls	0.13506822339178115
trouble	0.13506822339178115
sensitivo	0.13506822339178115
moteur	0.13506822339178115
lischémie	0.13506822339178115
urgence	0.13506822339178115
chirurgical	0.13506822339178115
anévrysme	0.13506822339178115
poplité	0.13506822339178115
lorigine	0.13506822339178115
embolisation	0.13506822339178115
thrombus\xa0dan	0.13506822339178115
lartère	0.13506822339178115
fémoral	0.13506822339178115
superficiel	0.13506822339178115
false	0.13506822339178115
dissection	0.13506822339178115
dartère	0.13506822339178115
iliaque	0.13506822339178115
fibrillation	0.13506822339178115
atrial	0.13506822339178115
true).1	0.13506822339178115

3	7
signe	0.7878979697853901
choc	0.7878979697853901
true	0.5909234773390426
faire	0.39394898489269503
pratiquer	0.39394898489269503
laorte	0.39394898489269503
membre	0.39394898489269503
inférieur	0.39394898489269503
urgence	0.39394898489269503
labsence	0.39394898489269503
adresser	0.39394898489269503
patient	0.39394898489269503
présence	0.39394898489269503
échodoppler	0.19697449244634752
false	0.19697449244634752
angioscanner	0.19697449244634752
prévenir	0.19697449244634752
léquipe	0.19697449244634752
chirurgical	0.19697449244634752
bloc	0.19697449244634752
opératoire	0.19697449244634752
service	0.19697449244634752
réanimation\xa0en	0.19697449244634752
false).1	0.19697449244634752

3	8
maculaire	0.5909234773390426
true	0.5909234773390426
macula	0.5909234773390426
métamorphopsie	0.2954617386695213
orienter	0.2954617386695213
atteinte	0.2954617386695213
situer	0.2954617386695213
papille	0.2954617386695213
atteindre	0.2954617386695213
initialement	0.2954617386695213
glaucome	0.2954617386695213
false	0.2954617386695213
bâtonnet	0.2954617386695213
prédominer	0.2954617386695213
région	0.2954617386695213
false).1	0.2954617386695213

3	9
false	1.0909356504720786
droit	0.7272904336480525
gauche	0.7272904336480525
lépaule	0.36364521682402623
costale	0.36364521682402623
transfixiant	0.36364521682402623
dos	0.36364521682402623
true	0.36364521682402623
pli	0.36364521682402623
inguinal	0.36364521682402623
hémi	0.36364521682402623
ceinture	0.36364521682402623
false).1	0.36364521682402623

4	0

4	1
patient	1.4773086933476065
probablement	0.8863852160085639
false	0.8863852160085639
syndrome	0.2954617386695213
gilbert	0.2954617386695213
true	0.2954617386695213
cholangite	0.2954617386695213
biliaire	0.2954617386695213
primitif	0.2954617386695213
anémie	0.2954617386695213
hémolytique	0.2954617386695213
risque	0.2954617386695213
développer	0.2954617386695213
cholangiocarcinome	0.2954617386695213
cholestase	0.2954617386695213
false).1	0.2954617386695213

4	2
true	0.5909234773390426
false	0.5909234773390426
long	0.2954617386695213
évolution	0.2954617386695213
symptôme	0.2954617386695213
existence	0.2954617386695213
rectorragie	0.2954617386695213
perte	0.2954617386695213
poids	0.2954617386695213
normalité	0.2954617386695213
coloscopie	0.2954617386695213
douleur	0.2954617386695213
soulager	0.2954617386695213
lémission	0.2954617386695213
selle	0.2954617386695213
true).1	0.2954617386695213

4	3
false	0.23249448288749217
repose	0.1549963219249948
dun	0.1549963219249948
diagnostic	0.0774981609624974
positif	0.0774981609624974
réalisation	0.0774981609624974
tdm	0.0774981609624974
abdominal	0.0774981609624974
urgence	0.0774981609624974
traitement	0.0774981609624974
prise	0.0774981609624974
charge	0.0774981609624974
ambulatoire	0.0774981609624974
associer	0.0774981609624974
antalgique	0.0774981609624974
palier	0.0774981609624974
adapter	0.0774981609624974
régime	0.0774981609624974
résidu	0.0774981609624974
phase	0.0774981609624974
précoce	0.0774981609624974
persistance	0.0774981609624974
syndrome	0.0774981609624974
réponse	0.0774981609624974
inflammatoire	0.0774981609624974
systémique	0.0774981609624974
48h	0.0774981609624974
facteur	0.0774981609624974
mauvais	0.0774981609624974
pronostic	0.0774981609624974
augmentation	0.0774981609624974
risque	0.0774981609624974
défaillance	0.0774981609624974
viscéral	0.0774981609624974
mortalité	0.0774981609624974
true	0.0774981609624974
principal	0.0774981609624974
cause	0.0774981609624974
pancréatite	0.0774981609624974
aigü	0.0774981609624974
lithiase	0.0774981609624974
biliaire	0.0774981609624974
cancer	0.0774981609624974
pancréas	0.0774981609624974
assistance	0.0774981609624974
nutritionnel	0.0774981609624974
type	0.0774981609624974
nutrition	0.0774981609624974
entéral	0.0774981609624974
sonde	0.0774981609624974
nasogastrique	0.0774981609624974
envisager	0.0774981609624974
précocément	0.0774981609624974
forme	0.0774981609624974
sévère	0.0774981609624974
nécrosante	0.0774981609624974
prévenir	0.0774981609624974
surinfection	0.0774981609624974
coulée	0.0774981609624974
nécrose	0.0774981609624974
true).1	0.0774981609624974

4	4
cutané	0.8595250579476984
false	0.8595250579476984
induire	0.8595250579476984
true	0.8595250579476984
bourgeonnement	0.4297625289738492
acné	0.4297625289738492
psoriasis	0.4297625289738492
allergie	0.4297625289738492
contact	0.4297625289738492
atrophie	0.4297625289738492
true).1	0.4297625289738492

4	5
false	1.7727704320171278
vitiligo	0.5909234773390426
vespertilio	0.5909234773390426
true	0.5909234773390426
livedo	0.5909234773390426
prurigo	0.5909234773390426
intertrigo	0.5909234773390426
false).1	0.5909234773390426

4	6
false	0.9454775637424682
jour	0.6303183758283121
2	0.6303183758283121
7	0.31515918791415604
21	0.31515918791415604
6	0.31515918791415604
semaine	0.31515918791415604
minute	0.31515918791415604
heure	0.31515918791415604
1	0.31515918791415604
4	0.31515918791415604
true	0.31515918791415604
3	0.31515918791415604
mois	0.31515918791415604
false).1	0.31515918791415604

4	7
donneur	0.4297625289738492
receveur	0.4297625289738492
false	0.4297625289738492
recherche	0.4297625289738492
anticorps	0.4297625289738492
mettre	0.2148812644869246
contact	0.2148812644869246
sérum	0.2148812644869246
lymphocyte	0.2148812644869246
potentiel	0.2148812644869246
dantigène	0.2148812644869246
true	0.2148812644869246
antigène	0.2148812644869246
négativité	0.2148812644869246
cross	0.2148812644869246
match	0.2148812644869246
écarte	0.2148812644869246
risque	0.2148812644869246
rejet	0.2148812644869246
aigu	0.2148812644869246
transplantation	0.2148812644869246
false).1	0.2148812644869246

4	8
false	1.05053062638052
true	1.05053062638052
alpha	0.52526531319026
bloquant	0.52526531319026
anticholinergique	0.52526531319026
opiacé	0.52526531319026
diurétique	0.52526531319026
neuroleptique	0.52526531319026
true).1	0.52526531319026

4	9
true	0.7272904336480525
false	0.7272904336480525
cystite	0.36364521682402623
radique	0.36364521682402623
sclérose	0.36364521682402623
plaque	0.36364521682402623
toux	0.36364521682402623
chronique	0.36364521682402623
accouchement	0.36364521682402623
difficile	0.36364521682402623
calcul	0.36364521682402623
vessie	0.36364521682402623
true).1	0.36364521682402623

5	0
false	1.2892875869215474
infection	0.4297625289738492
true	0.4297625289738492
leucémie	0.4297625289738492
aigu	0.4297625289738492
secondaire	0.4297625289738492
échappement	0.4297625289738492
thérapeutique	0.4297625289738492
hypercalcémie	0.4297625289738492
amylose	0.4297625289738492
false).1	0.4297625289738492

5	1
true	1.454580867296105
médullaire	0.7272904336480525
aplasie	0.36364521682402623
leucémie	0.36364521682402623
aigu	0.36364521682402623
myéloïde	0.36364521682402623
envahissement	0.36364521682402623
néoplasie	0.36364521682402623
solide	0.36364521682402623
carence	0.36364521682402623
vitaminique	0.36364521682402623
myélodysplasie	0.36364521682402623
true).1	0.36364521682402623

5	2
false	1.0909356504720786
leucémie	0.7272904336480525
aigu	0.36364521682402623
lymphoblastique	0.36364521682402623
lymphoid	0.36364521682402623
chronique	0.36364521682402623
true	0.36364521682402623
syndrome	0.36364521682402623
mononucléosique	0.36364521682402623
maladie	0.36364521682402623
hodgkin	0.36364521682402623
myélome	0.36364521682402623
false).1	0.36364521682402623

5	3
false	0.9454775637424682
médullaire	0.6303183758283121
myélogramme	0.31515918791415604
biopsie	0.31515918791415604
ostéo	0.31515918791415604
true	0.31515918791415604
étude	0.31515918791415604
cinétique	0.31515918791415604
isotopique	0.31515918791415604
fer	0.31515918791415604
59	0.31515918791415604
immunophénotypage	0.31515918791415604
dosage	0.31515918791415604
lérythropoïétine	0.31515918791415604
false).1	0.31515918791415604

5	4
retenir	0.9454775637424682
diagnostic	0.9454775637424682
leucémie	0.9454775637424682
lymphoïde	0.9454775637424682
chronique	0.9454775637424682
nécessaire	0.7091081728068511
false	0.4727387818712341
classification	0.4727387818712341
binet	0.4727387818712341
biopsie	0.23636939093561704
ganglionnaire	0.23636939093561704
myélogramme	0.23636939093561704
caryotype	0.23636939093561704
stade	0.23636939093561704
true	0.23636939093561704
tep	0.23636939093561704
scanner	0.23636939093561704
classer	0.23636939093561704
patient	0.23636939093561704
false).1	0.23636939093561704

5	5
false	1.0130116754383587
insuffisance	0.3376705584794529
rénal	0.3376705584794529
aigu	0.3376705584794529
aplasie	0.3376705584794529
médullaire	0.3376705584794529
idiopathique	0.3376705584794529
anémie	0.3376705584794529
mégaloblastique	0.3376705584794529
true	0.3376705584794529
hémolyse	0.3376705584794529
auto-immun	0.3376705584794529
myélodysplasie	0.3376705584794529
true).1	0.3376705584794529

5	6
false	1.2892875869215474
comparatif	0.4297625289738492
true	0.4297625289738492
contre	0.4297625289738492
placebo	0.4297625289738492
double	0.4297625289738492
aveugle	0.4297625289738492
multicentrique	0.4297625289738492
bras	0.4297625289738492
parallèle	0.4297625289738492
false).1	0.4297625289738492

5	7
sécurité	1.1255685282648429
social	1.1255685282648429
couvrir	1.1255685282648429
risque	0.9004548226118744
maladie	0.9004548226118744
vieillesse	0.4502274113059372
true	0.4502274113059372
false	0.4502274113059372
branche	0.4502274113059372
assurance	0.4502274113059372
famille	0.2251137056529686
chômage	0.2251137056529686
80	0.2251137056529686
population	0.2251137056529686
titre	0.2251137056529686
régime	0.2251137056529686
général	0.2251137056529686
accident	0.2251137056529686
travail	0.2251137056529686
professionnel	0.2251137056529686
true).1	0.2251137056529686

5	8
étude	1.1345730764909618
cas	0.9454775637424682
témoin	0.9454775637424682
maladie	0.5672865382454809
true	0.3781910254969873
exposition	0.3781910254969873
prospectif	0.3781910254969873
false	0.3781910254969873
approprié	0.18909551274849365
crohn	0.18909551274849365
rare	0.18909551274849365
dinvestiguer	0.18909551274849365
facteur	0.18909551274849365
risque	0.18909551274849365
simultanément	0.18909551274849365
coûteux	0.18909551274849365
quune	0.18909551274849365
cohorte	0.18909551274849365
confirmer	0.18909551274849365
relation	0.18909551274849365
temporel	0.18909551274849365
lexposition	0.18909551274849365
recueil	0.18909551274849365
linformation	0.18909551274849365
false).1	0.18909551274849365

5	9
true	0.4727387818712341
false	0.4727387818712341
saillie	0.23636939093561704
anormal	0.23636939093561704
lacromion	0.23636939093561704
comblement	0.23636939093561704
sillon	0.23636939093561704
delto	0.23636939093561704
trapézien	0.23636939093561704
vide	0.23636939093561704
acromial	0.23636939093561704
bras	0.23636939093561704
rotation	0.23636939093561704
médial	0.23636939093561704
interne	0.23636939093561704
abduction	0.23636939093561704
irréductible	0.23636939093561704
gléno	0.23636939093561704
huméral	0.23636939093561704
true).1	0.23636939093561704

6	0
false	0.36364521682402623
true	0.36364521682402623
présenter	0.18182260841201311
habituellement	0.18182260841201311
déformation	0.18182260841201311
raccourcissement	0.18182260841201311
rotation	0.18182260841201311
interne	0.18182260841201311
adduction	0.18182260841201311
compliquer	0.18182260841201311
exceptionnellement	0.18182260841201311
d´ostéonécrose	0.18182260841201311
tête	0.18182260841201311
fémoral	0.18182260841201311
redevable	0.18182260841201311
d´une	0.18182260841201311
réduction	0.18182260841201311
ostéosynthèse	0.18182260841201311
urgence	0.18182260841201311
chirurgical	0.18182260841201311
indication	0.18182260841201311
habituel	0.18182260841201311
d´arthroplastie	0.18182260841201311
total	0.18182260841201311
hanche	0.18182260841201311
false).1	0.18182260841201311

6	1
true	1.1818469546780852
succion	0.39394898489269503
déglutition	0.39394898489269503
réflexe	0.39394898489269503
moro	0.39394898489269503
marche	0.39394898489269503
automatique	0.39394898489269503
sourire	0.39394898489269503
réponse	0.39394898489269503
false	0.39394898489269503
grasping	0.39394898489269503
true).1	0.39394898489269503

6	2
supérieur	0.8221544032543201
poids	0.6166158024407401
lâge	0.6166158024407401
courbe	0.6166158024407401
false	0.6166158024407401
masse	0.6166158024407401
corporel	0.6166158024407401
97èm	0.41107720162716005
percentile	0.41107720162716005
français	0.41107720162716005
indice	0.41107720162716005
corpulence	0.20553860081358002
true	0.20553860081358002
25	0.20553860081358002
kilogramme	0.20553860081358002
cm²	0.20553860081358002
lindice	0.20553860081358002
montrer	0.20553860081358002
double	0.20553860081358002
franchissement	0.20553860081358002
couloir	0.20553860081358002
moyenne	0.20553860081358002
false).1	0.20553860081358002

6	3
true	1.2892875869215474
dyspnée	0.4297625289738492
brutal	0.4297625289738492
fièvre	0.4297625289738492
false	0.4297625289738492
accès	0.4297625289738492
toux	0.4297625289738492
changement	0.4297625289738492
teint	0.4297625289738492
stridor	0.4297625289738492
false).1	0.4297625289738492

6	4
false	0.3781910254969873
radiculaire	0.3781910254969873
true	0.3781910254969873
évolution	0.18909551274849365
15	0.18909551274849365
jour	0.18909551274849365
déficit	0.18909551274849365
neurologique	0.18909551274849365
côté	0.18909551274849365
3/5	0.18909551274849365
résistance	0.18909551274849365
antalgique	0.18909551274849365
palier	0.18909551274849365
3	0.18909551274849365
existence	0.18909551274849365
dargument	0.18909551274849365
clinique	0.18909551274849365
faveur	0.18909551274849365
dun	0.18909551274849365
conflit	0.18909551274849365
disco	0.18909551274849365
impulsivité	0.18909551274849365
effort	0.18909551274849365
physiologique	0.18909551274849365
false).1	0.18909551274849365

6	5
partie	0.41107720162716005
responsable	0.41107720162716005
lhyperuricémie	0.41107720162716005
true	0.41107720162716005
certainement	0.41107720162716005
false	0.41107720162716005
furosémide	0.20553860081358002
probablement	0.20553860081358002
lésion	0.20553860081358002
indiquer	0.20553860081358002
flèche	0.20553860081358002
tophus	0.20553860081358002
sagit	0.20553860081358002
dune	0.20553860081358002
goutte	0.20553860081358002
syndrome	0.20553860081358002
lyse	0.20553860081358002
calcium	0.20553860081358002
bloqueur	0.20553860081358002
colchicine	0.20553860081358002
utiliser	0.20553860081358002
risque	0.20553860081358002
false).1	0.20553860081358002

6	6
false	0.5454678252360393
genou	0.36364521682402623
associer	0.36364521682402623
adénopathie	0.18182260841201311
inguinal	0.18182260841201311
gauche	0.18182260841201311
isolé	0.18182260841201311
prostatite	0.18182260841201311
survenir	0.18182260841201311
3	0.18182260841201311
semaine	0.18182260841201311
lépisode	0.18182260841201311
darthrite	0.18182260841201311
true	0.18182260841201311
dautre	0.18182260841201311
arthrite	0.18182260841201311
périphérique	0.18182260841201311
larthrite	0.18182260841201311
syndrôme	0.18182260841201311
oculo	0.18182260841201311
uréthro	0.18182260841201311
synovial	0.18182260841201311
panaris	0.18182260841201311
lhallu	0.18182260841201311
droit	0.18182260841201311
true).1	0.18182260841201311

6	7
false	1.0130116754383587
tuméfaction	0.3376705584794529
réductible	0.3376705584794529
douleur	0.3376705584794529
palpation	0.3376705584794529
true	0.3376705584794529
orifice	0.3376705584794529
inguinal	0.3376705584794529
libre	0.3376705584794529
testicule	0.3376705584794529
ascensionné	0.3376705584794529
vomissement	0.3376705584794529
aigu	0.3376705584794529
true).1	0.3376705584794529

6	8
méthode	0.38330171503073035
fois	0.25553447668715357
true	0.25553447668715357
false	0.25553447668715357
urinaire	0.25553447668715357
dassurer	0.12776723834357678
vidange	0.12776723834357678
vésical	0.12776723834357678
complet	0.12776723834357678
jour	0.12776723834357678
nest	0.12776723834357678
applicable	0.12776723834357678
raison	0.12776723834357678
trouble	0.12776723834357678
sensitif	0.12776723834357678
région	0.12776723834357678
périnéal	0.12776723834357678
réaliser	0.12776723834357678
4	0.12776723834357678
6	0.12776723834357678
heure	0.12776723834357678
calendrier	0.12776723834357678
mictionnel	0.12776723834357678
port	0.12776723834357678
dune	0.12776723834357678
sonde	0.12776723834357678
demeure	0.12776723834357678
confortable	0.12776723834357678
présente	0.12776723834357678
risque	0.12776723834357678
infectieux	0.12776723834357678
former	0.12776723834357678
patient	0.12776723834357678
améliore	0.12776723834357678
autonomie	0.12776723834357678
lélimination	0.12776723834357678
true).1	0.12776723834357678

6	9
false	0.4976197703907727
true	0.4976197703907727
réaliser	0.24880988519538635
orthèse	0.24880988519538635
tronc	0.24880988519538635
proposer	0.24880988519538635
aménagement	0.24880988519538635
environnemental	0.24880988519538635
travailler	0.24880988519538635
souffle	0.24880988519538635
respiration	0.24880988519538635
construire	0.24880988519538635
thérapie	0.24880988519538635
tourner	0.24880988519538635
tâche	0.24880988519538635
evaluer	0.24880988519538635
capacité	0.24880988519538635
participation	0.24880988519538635
true).1	0.24880988519538635

7	0
false	0.39394898489269503
true	0.39394898489269503
déficit	0.19697449244634752
moteur	0.19697449244634752
muscle	0.19697449244634752
opposer	0.19697449244634752
pouce	0.19697449244634752
amyotrophie	0.19697449244634752
loge	0.19697449244634752
hypothénar	0.19697449244634752
anesthésie	0.19697449244634752
bord	0.19697449244634752
interne	0.19697449244634752
lavant	0.19697449244634752
bras	0.19697449244634752
écartement	0.19697449244634752
permanent	0.19697449244634752
5	0.19697449244634752
°	0.19697449244634752
doigt	0.19697449244634752
abolition	0.19697449244634752
réflexe	0.19697449244634752
radio-pronateur	0.19697449244634752
false).1	0.19697449244634752

7	1
dune	0.4727387818712341
true	0.4727387818712341
présence	0.4727387818712341
fréquent	0.4727387818712341
false	0.4727387818712341
saccompagner	0.23636939093561704
protéinurie	0.23636939093561704
type	0.23636939093561704
tubulaire	0.23636939093561704
doedème	0.23636939093561704
membre	0.23636939093561704
inférieur	0.23636939093561704
hta	0.23636939093561704
compliquer	0.23636939093561704
traitement	0.23636939093561704
antibiotique	0.23636939093561704
mécanisme	0.23636939093561704
immuno	0.23636939093561704
allergique	0.23636939093561704
true).1	0.23636939093561704

7	2
lhyponatrémie	0.4171224545922654
false	0.4171224545922654
baisse	0.13904081819742178
natrémie	0.13904081819742178
inhibe	0.13904081819742178
sécrétion	0.13904081819742178
dadh	0.13904081819742178
true	0.13904081819742178
devoir	0.13904081819742178
hyperaldostéronisme	0.13904081819742178
secondaire	0.13904081819742178
indique	0.13904081819742178
déshydratation	0.13904081819742178
extracellulaire	0.13904081819742178
lier	0.13904081819742178
perte	0.13904081819742178
sel	0.13904081819742178
vitesse	0.13904081819742178
correction	0.13904081819742178
d´une	0.13904081819742178
hyponatrémie	0.13904081819742178
rester	0.13904081819742178
inférieur	0.13904081819742178
6	0.13904081819742178
mmol	0.13904081819742178
l	0.13904081819742178
j	0.13904081819742178
quen	0.13904081819742178
mécanisme	0.13904081819742178
nécessite	0.13904081819742178
restriction	0.13904081819742178
apport	0.13904081819742178
hydrique	0.13904081819742178
true).1	0.13904081819742178

7	3
true	0.4727387818712341
false	0.4727387818712341
habituellement	0.23636939093561704
normocytaire	0.23636939093561704
s´accompagne	0.23636939093561704
d´une	0.23636939093561704
réticulocytose	0.23636939093561704
élevé	0.23636939093561704
devoir	0.23636939093561704
l´hypocalcémie	0.23636939093561704
essentiellement	0.23636939093561704
lier	0.23636939093561704
défaut	0.23636939093561704
érythropoïétine	0.23636939093561704
corriger	0.23636939093561704
apport	0.23636939093561704
vitamine	0.23636939093561704
b12	0.23636939093561704
folate	0.23636939093561704
false).1	0.23636939093561704

7	4
false	1.0130116754383587
biopsie	0.3376705584794529
scrotal	0.3376705584794529
dosage	0.3376705584794529
psa	0.3376705584794529
irm	0.3376705584794529
testicule	0.3376705584794529
orchidectomie	0.3376705584794529
true	0.3376705584794529
tomographie	0.3376705584794529
émission	0.3376705584794529
positon	0.3376705584794529
tep	0.3376705584794529
false).1	0.3376705584794529

7	5
virus	1.3131632829756503
false	0.7878979697853901
lhépatite	0.52526531319026
papilloma	0.26263265659513
humain	0.26263265659513
hpv	0.26263265659513
true	0.26263265659513
varicelle	0.26263265659513
zona	0.26263265659513
vzv	0.26263265659513
c	0.26263265659513
hcv	0.26263265659513
b	0.26263265659513
hbv	0.26263265659513
depstein	0.26263265659513
barr	0.26263265659513
ebv	0.26263265659513
true).1	0.26263265659513

7	6
false	1.4182163456137022
neuroblastome	0.4727387818712341
néphroblastome	0.4727387818712341
hépatoblastome	0.4727387818712341
tumeur	0.4727387818712341
cérébral	0.4727387818712341
true	0.4727387818712341
leucémie	0.4727387818712341
aigu	0.4727387818712341
true).1	0.4727387818712341

7	7
présence	0.9952395407815454
true	0.746429655586159
dune	0.746429655586159
tonus	0.24880988519538635
sphincter	0.24880988519538635
anal	0.24880988519538635
hématémèse	0.24880988519538635
false	0.24880988519538635
dun	0.24880988519538635
fécalome	0.24880988519538635
lampoule	0.24880988519538635
rectal	0.24880988519538635
lésion	0.24880988519538635
bourgeonnant	0.24880988519538635
rectum	0.24880988519538635
colite	0.24880988519538635
clostridium	0.24880988519538635
difficile	0.24880988519538635
false).1	0.24880988519538635

7	8
confiance	0.8441763961986323
false	0.6753411169589058
patient	0.3376705584794529
désigner	0.16883527923972644
dune	0.16883527923972644
admission	0.16883527923972644
établissement	0.16883527923972644
santé	0.16883527923972644
compte	0.16883527923972644
propre	0.16883527923972644
volonté	0.16883527923972644
malade	0.16883527923972644
représente	0.16883527923972644
sexprimer	0.16883527923972644
prévenir	0.16883527923972644
cas	0.16883527923972644
décès	0.16883527923972644
désignation	0.16883527923972644
faire	0.16883527923972644
écrit	0.16883527923972644
signer	0.16883527923972644
loi	0.16883527923972644
autorise	0.16883527923972644
médecin	0.16883527923972644
traiter	0.16883527923972644
dun	0.16883527923972644
quil	0.16883527923972644
true).1	0.16883527923972644

7	9
true	0.4297625289738492
false	0.4297625289738492
diminution	0.2148812644869246
arrêt	0.2148812644869246
lhydratation	0.2148812644869246
sédation	0.2148812644869246
profond	0.2148812644869246
continu	0.2148812644869246
jusquau	0.2148812644869246
décès	0.2148812644869246
intubation	0.2148812644869246
orotrachéal	0.2148812644869246
majoration	0.2148812644869246
loxygénothérapie	0.2148812644869246
15	0.2148812644869246
l	0.2148812644869246
min	0.2148812644869246
masque	0.2148812644869246
haut	0.2148812644869246
concentration	0.2148812644869246
antibiothérapie	0.2148812644869246
false).1	0.2148812644869246

8	0
patient	1.0276930040679002
true	0.8221544032543201
souffrance	0.41107720162716005
présente	0.41107720162716005
souhaite	0.20553860081358002
éviter	0.20553860081358002
subir	0.20553860081358002
dobstination	0.20553860081358002
déraisonnable	0.20553860081358002
atteindre	0.20553860081358002
dune	0.20553860081358002
affection	0.20553860081358002
grave	0.20553860081358002
incurable	0.20553860081358002
pronostic	0.20553860081358002
vital	0.20553860081358002
engager	0.20553860081358002
court	0.20553860081358002
terme	0.20553860081358002
réfractaire	0.20553860081358002
traitement	0.20553860081358002
cancer	0.20553860081358002
false).1	0.20553860081358002

8	1
false	0.52526531319026
true	0.52526531319026
sècheresse	0.26263265659513
buccal	0.26263265659513
saignement	0.26263265659513
contact	0.26263265659513
lésionnel	0.26263265659513
infiltration	0.26263265659513
sous-jascent	0.26263265659513
lésion	0.26263265659513
mobilité	0.26263265659513
dentaire	0.26263265659513
4	0.26263265659513
cadran	0.26263265659513
limitation	0.26263265659513
protraction	0.26263265659513
lingual	0.26263265659513
true).1	0.26263265659513

8	2
gauche	0.7091081728068511
true	0.4727387818712341
inférieur	0.4727387818712341
false	0.4727387818712341
limitation	0.23636939093561704
douverture	0.23636939093561704
buccal	0.23636939093561704
douloureux	0.23636939093561704
déviation	0.23636939093561704
point	0.23636939093561704
inter-incisif	0.23636939093561704
hypoesthésie	0.23636939093561704
territoire	0.23636939093561704
labial	0.23636939093561704
mentonnier	0.23636939093561704
béance	0.23636939093561704
molaire	0.23636939093561704
coté	0.23636939093561704
épistaxis	0.23636939093561704
false).1	0.23636939093561704

8	3
true	0.52526531319026
droit	0.52526531319026
adhérence	0.1750884377300867
peau	0.1750884377300867
plan	0.1750884377300867
profond	0.1750884377300867
présence	0.1750884377300867
dun	0.1750884377300867
signe	0.1750884377300867
charles	0.1750884377300867
bell	0.1750884377300867
soulèvement	0.1750884377300867
lobule	0.1750884377300867
loreille	0.1750884377300867
false	0.1750884377300867
apparition	0.1750884377300867
dadénopathie	0.1750884377300867
jugulo	0.1750884377300867
carotidien	0.1750884377300867
tumeur	0.1750884377300867
taille	0.1750884377300867
supérieur	0.1750884377300867
3	0.1750884377300867
cm	0.1750884377300867
grand	0.1750884377300867
axe	0.1750884377300867
false).1	0.1750884377300867

8	4
glycémie	0.39394898489269503
jeun	0.39394898489269503
true	0.39394898489269503
diabète	0.39394898489269503
gestationnel	0.39394898489269503
nétait	0.39394898489269503
obligatoire	0.39394898489269503
false	0.39394898489269503
proposer	0.19697449244634752
régulier	0.19697449244634752
naissance	0.19697449244634752
existe	0.19697449244634752
lhgpo	0.19697449244634752
trimestre	0.19697449244634752
normal	0.19697449244634752
dépistage	0.19697449244634752
patient	0.19697449244634752
présente	0.19697449244634752
facteur	0.19697449244634752
risque	0.19697449244634752
traitement	0.19697449244634752
insuline	0.19697449244634752
débuter	0.19697449244634752
false).1	0.19697449244634752

8	5
évoquer	1.3506822339178115
dinsuline	1.0130116754383587
false	1.0130116754383587
prise	1.0130116754383587
patient	0.6753411169589058
existe	0.3376705584794529
hypersécrétion	0.3376705584794529
approprié	0.3376705584794529
sécrétion	0.3376705584794529
insulinome	0.3376705584794529
true	0.3376705584794529
sulfamide	0.3376705584794529
gliptine	0.3376705584794529
false).1	0.3376705584794529

8	6
augmenter	0.8863852160085639
sécrétion	0.5909234773390426
false	0.5909234773390426
true	0.5909234773390426
glucagon	0.2954617386695213
c	0.2954617386695213
peptide	0.2954617386695213
conduire	0.2954617386695213
prise	0.2954617386695213
poids	0.2954617386695213
production	0.2954617386695213
hépatique	0.2954617386695213
glucose	0.2954617386695213
réduire	0.2954617386695213
glycémie	0.2954617386695213
true).1	0.2954617386695213

8	7
capacité	1.5757959395707801
true	0.7878979697853901
false	0.7878979697853901
lutilisation	0.39394898489269503
téléphone	0.39394898489269503
dencodage	0.39394898489269503
shabiller	0.39394898489269503
entretenir	0.39394898489269503
maison	0.39394898489269503
prendre	0.39394898489269503
médicament	0.39394898489269503
true).1	0.39394898489269503

8	8
coumadine	0.3501768754601734
soir	0.3501768754601734
true	0.3501768754601734
contrôler	0.3501768754601734
inr	0.3501768754601734
false	0.3501768754601734
prendre	0.1750884377300867
dose	0.1750884377300867
4	0.1750884377300867
jour	0.1750884377300867
lendemain	0.1750884377300867
venir	0.1750884377300867
voir	0.1750884377300867
débuter	0.1750884377300867
héparinothérapie	0.1750884377300867
relais	0.1750884377300867
lantivitamine	0.1750884377300867
k	0.1750884377300867
arrêter	0.1750884377300867
attendre	0.1750884377300867
linr	0.1750884377300867
inférieur	0.1750884377300867
2	0.1750884377300867
prochain	0.1750884377300867
prélèvement	0.1750884377300867
reprendre	0.1750884377300867
false).1	0.1750884377300867

8	9
fracture	0.9454775637424682
existe	0.4727387818712341
gauche	0.4727387818712341
true	0.4727387818712341
false	0.4727387818712341
exsite	0.4727387818712341
pertrochantérienn	0.4727387818712341
garden	0.23636939093561704
iv	0.23636939093561704
col	0.23636939093561704
fémoral	0.23636939093561704
laile	0.23636939093561704
iliaque	0.23636939093561704
sagit	0.23636939093561704
dune	0.23636939093561704
radiographie	0.23636939093561704
bassin	0.23636939093561704
face	0.23636939093561704
droit	0.23636939093561704
false).1	0.23636939093561704

9	0
auditif	0.52526531319026
surdité	0.3501768754601734
false	0.3501768754601734
perte	0.3501768754601734
fréquence	0.3501768754601734
true	0.3501768754601734
habituellement	0.1750884377300867
unilatéral	0.1750884377300867
devenir	0.1750884377300867
socialement	0.1750884377300867
gênant	0.1750884377300867
atteindre	0.1750884377300867
15	0.1750884377300867
db	0.1750884377300867
conversationnel	0.1750884377300867
vieillissement	0.1750884377300867
dépendant	0.1750884377300867
facteur	0.1750884377300867
environnemental	0.1750884377300867
acouphène	0.1750884377300867
accompagner	0.1750884377300867
sagit	0.1750884377300867
dune	0.1750884377300867
perception	0.1750884377300867
prédominant	0.1750884377300867
aigu	0.1750884377300867
true).1	0.1750884377300867

9	1
true	1.0909356504720786
membre	0.7272904336480525
inférieur	0.7272904336480525
bilan	0.7272904336480525
echodoppler	0.36364521682402623
artériel	0.36364521682402623
echodoppler\xa0veineu	0.36364521682402623
nutritionnel	0.36364521682402623
auto-immun	0.36364521682402623
false	0.36364521682402623
radiographie	0.36364521682402623
jambe	0.36364521682402623
false).1	0.36364521682402623

9	2
dune	0.7878979697853901
surdité	0.7878979697853901
sagir	0.5909234773390426
transmission	0.39394898489269503
gauche	0.39394898489269503
false	0.39394898489269503
perception	0.39394898489269503
droit	0.39394898489269503
true	0.39394898489269503
côté	0.39394898489269503
lépreuve	0.19697449244634752
rinne\xa0aide	0.19697449244634752
déterminer	0.19697449244634752
atteindre	0.19697449244634752
épreuve	0.19697449244634752
rinne	0.19697449244634752
positif	0.19697449244634752
2	0.19697449244634752
nest	0.19697449244634752
compatible	0.19697449244634752
résultat	0.19697449244634752
test	0.19697449244634752
weber	0.19697449244634752
false).1	0.19697449244634752

9	3
false	0.7091081728068511
signe	0.4727387818712341
souque	0.23636939093561704
claude	0.23636939093561704
bernard	0.23636939093561704
horner	0.23636939093561704
absence	0.23636939093561704
dissociation	0.23636939093561704
automatico	0.23636939093561704
volontaire	0.23636939093561704
true	0.23636939093561704
déficit	0.23636939093561704
facial	0.23636939093561704
prédominant	0.23636939093561704
partie	0.23636939093561704
inférieur	0.23636939093561704
visage	0.23636939093561704
hypoesthésie	0.23636939093561704
cornéen	0.23636939093561704
false).1	0.23636939093561704

9	4
false	1.4182163456137022
liquide	0.9454775637424682
glutaraldéhyde	0.4727387818712341
bouin	0.4727387818712341
formol	0.4727387818712341
true	0.4727387818712341
clark	0.4727387818712341
sérum	0.4727387818712341
physiologique	0.4727387818712341
false).1	0.4727387818712341

9	5
true	0.7091081728068511
lésion	0.4727387818712341
bénin	0.23636939093561704
précancéreux	0.23636939093561704
préneoplasiqu	0.23636939093561704
false	0.23636939093561704
peut-être	0.23636939093561704
enlever	0.23636939093561704
cours	0.23636939093561704
dun	0.23636939093561704
examen	0.23636939093561704
endoscopique	0.23636939093561704
côlon	0.23636939093561704
coloscopie	0.23636939093561704
présente	0.23636939093561704
aucun	0.23636939093561704
risque	0.23636939093561704
transformation	0.23636939093561704
malin	0.23636939093561704
false).1	0.23636939093561704

9	6
false	0.746429655586159
bilan	0.24880988519538635
dépistage	0.24880988519538635
3	0.24880988519538635
mois	0.24880988519538635
true	0.24880988519538635
décider	0.24880988519538635
dune	0.24880988519538635
attitude	0.24880988519538635
élément	0.24880988519538635
tuberculose	0.24880988519538635
maladie	0.24880988519538635
infection	0.24880988519538635
tuberculeux	0.24880988519538635
latent	0.24880988519538635
recevoir	0.24880988519538635
traitement	0.24880988519538635
anti-tuberculeux	0.24880988519538635
false).1	0.24880988519538635

9	7
pleurésie	1.3506822339178115
true	1.0130116754383587
métastatique	0.6753411169589058
dun	0.6753411169589058
cancer	0.6753411169589058
pulmonaire	0.6753411169589058
cadre	0.3376705584794529
dune	0.3376705584794529
embolie	0.3376705584794529
mésothéliome	0.3376705584794529
purulent	0.3376705584794529
false	0.3376705584794529
sein	0.3376705584794529
true).1	0.3376705584794529

9	8
existe	1.074406322434623
droit	0.6446437934607737
true	0.6446437934607737
épanchement	0.4297625289738492
gazeux	0.2148812644869246
autour	0.2148812644869246
poumon	0.2148812644869246
opacité	0.2148812644869246
parenchymateux	0.2148812644869246
émoussement	0.2148812644869246
cul	0.2148812644869246
sac	0.2148812644869246
costo	0.2148812644869246
diaphragmatique	0.2148812644869246
pleural	0.2148812644869246
gauche	0.2148812644869246
false	0.2148812644869246
petit	0.2148812644869246
refoulement	0.2148812644869246
médiastin	0.2148812644869246
droite	0.2148812644869246
false).1	0.2148812644869246

9	9
pulmonaire	0.8342449091845308
droit	0.8342449091845308
lésion	0.8342449091845308
base	0.5561632727896871
false	0.5561632727896871
true	0.5561632727896871
siéger	0.5561632727896871
lobe	0.5561632727896871
masse	0.27808163639484357
lobaire	0.27808163639484357
condensation	0.27808163639484357
alvéolaire	0.27808163639484357
moyen	0.27808163639484357
inférieur	0.27808163639484357
occupe	0.27808163639484357
segment	0.27808163639484357
false).1	0.27808163639484357

1	0	0
true	1.7727704320171278
clomipramine	0.5909234773390426
chloroquine	0.5909234773390426
paracétamol	0.5909234773390426
false	0.5909234773390426
halopéridol	0.5909234773390426
diazepam	0.5909234773390426
false).1	0.5909234773390426

1	0	1
true	1.0909356504720786
prescription	0.7272904336480525
transfert	0.36364521682402623
urgence	0.36364521682402623
réanimation	0.36364521682402623
réhydratation	0.36364521682402623
lutte	0.36364521682402623
contre	0.36364521682402623
l´hyperthermie	0.36364521682402623
tropatépine	0.36364521682402623
false	0.36364521682402623
bromocriptine	0.36364521682402623
true).1	0.36364521682402623

1	0	2
sous-groupe	0.6303183758283121
lanalyse	0.31515918791415604
risque	0.31515918791415604
true	0.31515918791415604
statistique	0.31515918791415604
augmente	0.21010612527610403
dobtenir	0.21010612527610403
résultat	0.21010612527610403
différence	0.21010612527610403
traitement	0.21010612527610403
faussement	0.10505306263805202
positif	0.10505306263805202
lun	0.10505306263805202
analyser	0.10505306263805202
négatif	0.10505306263805202
puissance	0.10505306263805202
test	0.10505306263805202
diminuer	0.10505306263805202
entraine	0.10505306263805202
inflation	0.10505306263805202
derreur	0.10505306263805202
premier	0.10505306263805202
espèce	0.10505306263805202
alpha	0.10505306263805202
vérifier	0.10505306263805202
quaucune	0.10505306263805202
critère	0.10505306263805202
principal	0.10505306263805202
jugement	0.10505306263805202
nexiste	0.10505306263805202
particulier	0.10505306263805202
patient	0.10505306263805202
conclure	0.10505306263805202
labsence	0.10505306263805202
deffet	0.10505306263805202
essai	0.10505306263805202
false	0.10505306263805202
lexistence	0.10505306263805202
dune	0.10505306263805202
significatif	0.10505306263805202
daffirmer	0.10505306263805202
réalité	0.10505306263805202
supériorité	0.10505306263805202
évaluer	0.10505306263805202
false).1	0.10505306263805202

1	0	3
diurétique	2.10106125276104
false	2.10106125276104
anti-aldostéron	1.05053062638052
thiazidique	1.05053062638052
furosémide	0.52526531319026
association	0.52526531319026
aucun	0.52526531319026
produit	0.52526531319026
true).1	0.52526531319026

1	0	4
true	1.8909551274849363
diurétique	0.4727387818712341
anti-inflammatoire	0.4727387818712341
non	0.4727387818712341
stéroïdien	0.4727387818712341
laxatif	0.4727387818712341
quinolone	0.4727387818712341
antidépresseur	0.4727387818712341
sérotoninergique	0.4727387818712341
true).1	0.4727387818712341

1	0	5
true	0.8342449091845308
trimestre	0.5561632727896871
grossesse	0.5561632727896871
antécédent	0.27808163639484357
dangio	0.27808163639484357
œdème	0.27808163639484357
héréditaire	0.27808163639484357
sténose	0.27808163639484357
artériel	0.27808163639484357
rénal	0.27808163639484357
bilatéral	0.27808163639484357
significatif	0.27808163639484357
insuffisance	0.27808163639484357
cardiaque	0.27808163639484357
symptomatique	0.27808163639484357
false	0.27808163639484357
true).1	0.27808163639484357

1	0	6
false	0.9454775637424682
échographie	0.31515918791415604
trans-thoraciqu	0.31515918791415604
ett	0.31515918791415604
radiographie	0.31515918791415604
thorax	0.31515918791415604
irm	0.31515918791415604
cardiaque	0.31515918791415604
angio	0.31515918791415604
scanner	0.31515918791415604
thoracique	0.31515918791415604
true	0.31515918791415604
angiographie	0.31515918791415604
pulmonaire	0.31515918791415604
false).1	0.31515918791415604

1	0	7
douleur	0.5672865382454809
false	0.5672865382454809
évaluation	0.3781910254969873
patient	0.3781910254969873
danalyser	0.18909551274849365
part	0.18909551274849365
neuropathique	0.18909551274849365
dune	0.18909551274849365
deffectuer	0.18909551274849365
100	0.18909551274849365
adulte	0.18909551274849365
dindiquer	0.18909551274849365
échelle	0.18909551274849365
10	0.18909551274849365
cm	0.18909551274849365
lintensité	0.18909551274849365
auto-évaluation	0.18909551274849365
true	0.18909551274849365
dévaluer	0.18909551274849365
enfant	0.18909551274849365
6	0.18909551274849365
an	0.18909551274849365
lhétéro	0.18909551274849365
soignant	0.18909551274849365
false).1	0.18909551274849365

1	0	8
true	1.7190501158953968
tirage	0.8595250579476984
sus-sternal	0.4297625289738492
intercostal	0.4297625289738492
polypnée	0.4297625289738492
superficiel	0.4297625289738492
bradypnée	0.4297625289738492
expiration	0.4297625289738492
abdominal	0.4297625289738492
actif	0.4297625289738492
true).1	0.4297625289738492

1	0	9
true	0.5454678252360393
existe	0.36364521682402623
hémorragie	0.36364521682402623
gauche	0.36364521682402623
masse	0.18182260841201311
false	0.18182260841201311
images\xa0montrent	0.18182260841201311
hyperdensité	0.18182260841201311
espace	0.18182260841201311
sous-achnoïdien	0.18182260841201311
sub-arachnoïdienn	0.18182260841201311
lhémorragie	0.18182260841201311
prédomine	0.18182260841201311
scissure	0.18182260841201311
latéral	0.18182260841201311
image	0.18182260841201311
évoquent\xa0la	0.18182260841201311
probable	0.18182260841201311
rupture	0.18182260841201311
dun	0.18182260841201311
anévrisme	0.18182260841201311
lartère	0.18182260841201311
cérébral	0.18182260841201311
moyen	0.18182260841201311
intraventriculaire	0.18182260841201311
true).1	0.18182260841201311

1	1	0
injection	1.0909356504720786
externe	0.7272904336480525
true	0.7272904336480525
false	0.7272904336480525
massage	0.36364521682402623
cardiaque	0.36364521682402623
damiodarone	0.36364521682402623
dadrénaline	0.36364521682402623
défibrillation	0.36364521682402623
choc	0.36364521682402623
électrique	0.36364521682402623
lidocaïne	0.36364521682402623
false).1	0.36364521682402623

1	1	1
true	0.36364521682402623
false	0.36364521682402623
patient	0.18182260841201311
porteur	0.18182260841201311
dune	0.18182260841201311
chambre	0.18182260841201311
implantable	0.18182260841201311
réaliser	0.18182260841201311
immédiatement	0.18182260841201311
scanner	0.18182260841201311
thoracique	0.18182260841201311
probablement	0.18182260841201311
épanchement	0.18182260841201311
péricardique	0.18182260841201311
grand	0.18182260841201311
abondance	0.18182260841201311
jour	0.18182260841201311
pneumopéritoine	0.18182260841201311
ny	0.18182260841201311
aucun	0.18182260841201311
explication	0.18182260841201311
radio	0.18182260841201311
dyspnée	0.18182260841201311
poursuivre	0.18182260841201311
investigation	0.18182260841201311
false).1	0.18182260841201311

1	1	2
false	0.8863852160085639
fente	0.8863852160085639
gauche	0.5909234773390426
séquence	0.2954617386695213
pierre	0.2954617386695213
robin	0.2954617386695213
labio-alvéolair	0.2954617386695213
true	0.2954617386695213
vélo	0.2954617386695213
palatin	0.2954617386695213
syndrome	0.2954617386695213
van	0.2954617386695213
der	0.2954617386695213
wood	0.2954617386695213
médian	0.2954617386695213
false).1	0.2954617386695213

1	1	3
